SurrogatePokemonID,PokemonID,Name,BaseName,Type1,Type2,IsDualType,Total,HP,Attack,Defense,SpAtk,SpDef,Speed,Generation,Legendary
1,1,Bulbasaur,Bulbasaur,Grass,Poison,TRUE,318,45,49,49,65,65,45,1,FALSE
2,2,Ivysaur,Ivysaur,Grass,Poison,TRUE,405,60,62,63,80,80,60,1,FALSE
3,3,Venusaur,Venusaur,Grass,Poison,TRUE,525,80,82,83,100,100,80,1,FALSE
4,3,VenusaurMega Venusaur,VenusaurVenusaur,Grass,Poison,TRUE,625,80,100,123,122,120,80,1,FALSE
5,4,Charmander,Charmander,Fire,nan,FALSE,309,39,52,43,60,50,65,1,FALSE
6,5,Charmeleon,Charmeleon,Fire,nan,FALSE,405,58,64,58,80,65,80,1,FALSE
7,6,Charizard,Charizard,Fire,Flying,TRUE,534,78,84,78,109,85,100,1,FALSE
8,6,CharizardMega Charizard X,CharizardCharizard X,Fire,Dragon,TRUE,634,78,130,111,130,85,100,1,FALSE
9,6,CharizardMega Charizard Y,CharizardCharizard Y,Fire,Flying,TRUE,634,78,104,78,159,115,100,1,FALSE
10,7,Squirtle,Squirtle,Water,nan,FALSE,314,44,48,65,50,64,43,1,FALSE
11,8,Wartortle,Wartortle,Water,nan,FALSE,405,59,63,80,65,80,58,1,FALSE
12,9,Blastoise,Blastoise,Water,nan,FALSE,530,79,83,100,85,105,78,1,FALSE
13,9,BlastoiseMega Blastoise,BlastoiseBlastoise,Water,nan,FALSE,630,79,103,120,135,115,78,1,FALSE
14,10,Caterpie,Caterpie,Bug,nan,FALSE,195,45,30,35,20,20,45,1,FALSE
15,11,Metapod,Metapod,Bug,nan,FALSE,205,50,20,55,25,25,30,1,FALSE
16,12,Butterfree,Butterfree,Bug,Flying,TRUE,395,60,45,50,90,80,70,1,FALSE
17,13,Weedle,Weedle,Bug,Poison,TRUE,195,40,35,30,20,20,50,1,FALSE
18,14,Kakuna,Kakuna,Bug,Poison,TRUE,205,45,25,50,25,25,35,1,FALSE
19,15,Beedrill,Beedrill,Bug,Poison,TRUE,395,65,90,40,45,80,75,1,FALSE
20,15,BeedrillMega Beedrill,BeedrillBeedrill,Bug,Poison,TRUE,495,65,150,40,15,80,145,1,FALSE
21,16,Pidgey,Pidgey,Normal,Flying,TRUE,251,40,45,40,35,35,56,1,FALSE
22,17,Pidgeotto,Pidgeotto,Normal,Flying,TRUE,349,63,60,55,50,50,71,1,FALSE
23,18,Pidgeot,Pidgeot,Normal,Flying,TRUE,479,83,80,75,70,70,101,1,FALSE
24,18,PidgeotMega Pidgeot,PidgeotPidgeot,Normal,Flying,TRUE,579,83,80,80,135,80,121,1,FALSE
25,19,Rattata,Rattata,Normal,nan,FALSE,253,30,56,35,25,35,72,1,FALSE
26,20,Raticate,Raticate,Normal,nan,FALSE,413,55,81,60,50,70,97,1,FALSE
27,21,Spearow,Spearow,Normal,Flying,TRUE,262,40,60,30,31,31,70,1,FALSE
28,22,Fearow,Fearow,Normal,Flying,TRUE,442,65,90,65,61,61,100,1,FALSE
29,23,Ekans,Ekans,Poison,nan,FALSE,288,35,60,44,40,54,55,1,FALSE
30,24,Arbok,Arbok,Poison,nan,FALSE,438,60,85,69,65,79,80,1,FALSE
31,25,Pikachu,Pikachu,Electric,nan,FALSE,320,35,55,40,50,50,90,1,FALSE
32,26,Raichu,Raichu,Electric,nan,FALSE,485,60,90,55,90,80,110,1,FALSE
33,27,Sandshrew,Sandshrew,Ground,nan,FALSE,300,50,75,85,20,30,40,1,FALSE
34,28,Sandslash,Sandslash,Ground,nan,FALSE,450,75,100,110,45,55,65,1,FALSE
35,29,Nidoran?,Nidoran?,Poison,nan,FALSE,275,55,47,52,40,40,41,1,FALSE
36,30,Nidorina,Nidorina,Poison,nan,FALSE,365,70,62,67,55,55,56,1,FALSE
37,31,Nidoqueen,Nidoqueen,Poison,Ground,TRUE,505,90,92,87,75,85,76,1,FALSE
38,32,Nidoran?,Nidoran?,Poison,nan,FALSE,273,46,57,40,40,40,50,1,FALSE
39,33,Nidorino,Nidorino,Poison,nan,FALSE,365,61,72,57,55,55,65,1,FALSE
40,34,Nidoking,Nidoking,Poison,Ground,TRUE,505,81,102,77,85,75,85,1,FALSE
41,35,Clefairy,Clefairy,Fairy,nan,FALSE,323,70,45,48,60,65,35,1,FALSE
42,36,Clefable,Clefable,Fairy,nan,FALSE,483,95,70,73,95,90,60,1,FALSE
43,37,Vulpix,Vulpix,Fire,nan,FALSE,299,38,41,40,50,65,65,1,FALSE
44,38,Ninetales,Ninetales,Fire,nan,FALSE,505,73,76,75,81,100,100,1,FALSE
45,39,Jigglypuff,Jigglypuff,Normal,Fairy,TRUE,270,115,45,20,45,25,20,1,FALSE
46,40,Wigglytuff,Wigglytuff,Normal,Fairy,TRUE,435,140,70,45,85,50,45,1,FALSE
47,41,Zubat,Zubat,Poison,Flying,TRUE,245,40,45,35,30,40,55,1,FALSE
48,42,Golbat,Golbat,Poison,Flying,TRUE,455,75,80,70,65,75,90,1,FALSE
49,43,Oddish,Oddish,Grass,Poison,TRUE,320,45,50,55,75,65,30,1,FALSE
50,44,Gloom,Gloom,Grass,Poison,TRUE,395,60,65,70,85,75,40,1,FALSE
51,45,Vileplume,Vileplume,Grass,Poison,TRUE,490,75,80,85,110,90,50,1,FALSE
52,46,Paras,Paras,Bug,Grass,TRUE,285,35,70,55,45,55,25,1,FALSE
53,47,Parasect,Parasect,Bug,Grass,TRUE,405,60,95,80,60,80,30,1,FALSE
54,48,Venonat,Venonat,Bug,Poison,TRUE,305,60,55,50,40,55,45,1,FALSE
55,49,Venomoth,Venomoth,Bug,Poison,TRUE,450,70,65,60,90,75,90,1,FALSE
56,50,Diglett,Diglett,Ground,nan,FALSE,265,10,55,25,35,45,95,1,FALSE
57,51,Dugtrio,Dugtrio,Ground,nan,FALSE,405,35,80,50,50,70,120,1,FALSE
58,52,Meowth,Meowth,Normal,nan,FALSE,290,40,45,35,40,40,90,1,FALSE
59,53,Persian,Persian,Normal,nan,FALSE,440,65,70,60,65,65,115,1,FALSE
60,54,Psyduck,Psyduck,Water,nan,FALSE,320,50,52,48,65,50,55,1,FALSE
61,55,Golduck,Golduck,Water,nan,FALSE,500,80,82,78,95,80,85,1,FALSE
62,56,Mankey,Mankey,Fighting,nan,FALSE,305,40,80,35,35,45,70,1,FALSE
63,57,Primeape,Primeape,Fighting,nan,FALSE,455,65,105,60,60,70,95,1,FALSE
64,58,Growlithe,Growlithe,Fire,nan,FALSE,350,55,70,45,70,50,60,1,FALSE
65,59,Arcanine,Arcanine,Fire,nan,FALSE,555,90,110,80,100,80,95,1,FALSE
66,60,Poliwag,Poliwag,Water,nan,FALSE,300,40,50,40,40,40,90,1,FALSE
67,61,Poliwhirl,Poliwhirl,Water,nan,FALSE,385,65,65,65,50,50,90,1,FALSE
68,62,Poliwrath,Poliwrath,Water,Fighting,TRUE,510,90,95,95,70,90,70,1,FALSE
69,63,Abra,Abra,Psychic,nan,FALSE,310,25,20,15,105,55,90,1,FALSE
70,64,Kadabra,Kadabra,Psychic,nan,FALSE,400,40,35,30,120,70,105,1,FALSE
71,65,Alakazam,Alakazam,Psychic,nan,FALSE,500,55,50,45,135,95,120,1,FALSE
72,65,AlakazamMega Alakazam,AlakazamAlakazam,Psychic,nan,FALSE,590,55,50,65,175,95,150,1,FALSE
73,66,Machop,Machop,Fighting,nan,FALSE,305,70,80,50,35,35,35,1,FALSE
74,67,Machoke,Machoke,Fighting,nan,FALSE,405,80,100,70,50,60,45,1,FALSE
75,68,Machamp,Machamp,Fighting,nan,FALSE,505,90,130,80,65,85,55,1,FALSE
76,69,Bellsprout,Bellsprout,Grass,Poison,TRUE,300,50,75,35,70,30,40,1,FALSE
77,70,Weepinbell,Weepinbell,Grass,Poison,TRUE,390,65,90,50,85,45,55,1,FALSE
78,71,Victreebel,Victreebel,Grass,Poison,TRUE,490,80,105,65,100,70,70,1,FALSE
79,72,Tentacool,Tentacool,Water,Poison,TRUE,335,40,40,35,50,100,70,1,FALSE
80,73,Tentacruel,Tentacruel,Water,Poison,TRUE,515,80,70,65,80,120,100,1,FALSE
81,74,Geodude,Geodude,Rock,Ground,TRUE,300,40,80,100,30,30,20,1,FALSE
82,75,Graveler,Graveler,Rock,Ground,TRUE,390,55,95,115,45,45,35,1,FALSE
83,76,Golem,Golem,Rock,Ground,TRUE,495,80,120,130,55,65,45,1,FALSE
84,77,Ponyta,Ponyta,Fire,nan,FALSE,410,50,85,55,65,65,90,1,FALSE
85,78,Rapidash,Rapidash,Fire,nan,FALSE,500,65,100,70,80,80,105,1,FALSE
86,79,Slowpoke,Slowpoke,Water,Psychic,TRUE,315,90,65,65,40,40,15,1,FALSE
87,80,Slowbro,Slowbro,Water,Psychic,TRUE,490,95,75,110,100,80,30,1,FALSE
88,80,SlowbroMega Slowbro,SlowbroSlowbro,Water,Psychic,TRUE,590,95,75,180,130,80,30,1,FALSE
89,81,Magnemite,Magnemite,Electric,Steel,TRUE,325,25,35,70,95,55,45,1,FALSE
90,82,Magneton,Magneton,Electric,Steel,TRUE,465,50,60,95,120,70,70,1,FALSE
91,83,Farfetch'd,Farfetch'd,Normal,Flying,TRUE,352,52,65,55,58,62,60,1,FALSE
92,84,Doduo,Doduo,Normal,Flying,TRUE,310,35,85,45,35,35,75,1,FALSE
93,85,Dodrio,Dodrio,Normal,Flying,TRUE,460,60,110,70,60,60,100,1,FALSE
94,86,Seel,Seel,Water,nan,FALSE,325,65,45,55,45,70,45,1,FALSE
95,87,Dewgong,Dewgong,Water,Ice,TRUE,475,90,70,80,70,95,70,1,FALSE
96,88,Grimer,Grimer,Poison,nan,FALSE,325,80,80,50,40,50,25,1,FALSE
97,89,Muk,Muk,Poison,nan,FALSE,500,105,105,75,65,100,50,1,FALSE
98,90,Shellder,Shellder,Water,nan,FALSE,305,30,65,100,45,25,40,1,FALSE
99,91,Cloyster,Cloyster,Water,Ice,TRUE,525,50,95,180,85,45,70,1,FALSE
100,92,Gastly,Gastly,Ghost,Poison,TRUE,310,30,35,30,100,35,80,1,FALSE
101,93,Haunter,Haunter,Ghost,Poison,TRUE,405,45,50,45,115,55,95,1,FALSE
102,94,Gengar,Gengar,Ghost,Poison,TRUE,500,60,65,60,130,75,110,1,FALSE
103,94,GengarMega Gengar,GengarGengar,Ghost,Poison,TRUE,600,60,65,80,170,95,130,1,FALSE
104,95,Onix,Onix,Rock,Ground,TRUE,385,35,45,160,30,45,70,1,FALSE
105,96,Drowzee,Drowzee,Psychic,nan,FALSE,328,60,48,45,43,90,42,1,FALSE
106,97,Hypno,Hypno,Psychic,nan,FALSE,483,85,73,70,73,115,67,1,FALSE
107,98,Krabby,Krabby,Water,nan,FALSE,325,30,105,90,25,25,50,1,FALSE
108,99,Kingler,Kingler,Water,nan,FALSE,475,55,130,115,50,50,75,1,FALSE
109,100,Voltorb,Voltorb,Electric,nan,FALSE,330,40,30,50,55,55,100,1,FALSE
110,101,Electrode,Electrode,Electric,nan,FALSE,480,60,50,70,80,80,140,1,FALSE
111,102,Exeggcute,Exeggcute,Grass,Psychic,TRUE,325,60,40,80,60,45,40,1,FALSE
112,103,Exeggutor,Exeggutor,Grass,Psychic,TRUE,520,95,95,85,125,65,55,1,FALSE
113,104,Cubone,Cubone,Ground,nan,FALSE,320,50,50,95,40,50,35,1,FALSE
114,105,Marowak,Marowak,Ground,nan,FALSE,425,60,80,110,50,80,45,1,FALSE
115,106,Hitmonlee,Hitmonlee,Fighting,nan,FALSE,455,50,120,53,35,110,87,1,FALSE
116,107,Hitmonchan,Hitmonchan,Fighting,nan,FALSE,455,50,105,79,35,110,76,1,FALSE
117,108,Lickitung,Lickitung,Normal,nan,FALSE,385,90,55,75,60,75,30,1,FALSE
118,109,Koffing,Koffing,Poison,nan,FALSE,340,40,65,95,60,45,35,1,FALSE
119,110,Weezing,Weezing,Poison,nan,FALSE,490,65,90,120,85,70,60,1,FALSE
120,111,Rhyhorn,Rhyhorn,Ground,Rock,TRUE,345,80,85,95,30,30,25,1,FALSE
121,112,Rhydon,Rhydon,Ground,Rock,TRUE,485,105,130,120,45,45,40,1,FALSE
122,113,Chansey,Chansey,Normal,nan,FALSE,450,250,5,5,35,105,50,1,FALSE
123,114,Tangela,Tangela,Grass,nan,FALSE,435,65,55,115,100,40,60,1,FALSE
124,115,Kangaskhan,Kangaskhan,Normal,nan,FALSE,490,105,95,80,40,80,90,1,FALSE
125,115,KangaskhanMega Kangaskhan,KangaskhanKangaskhan,Normal,nan,FALSE,590,105,125,100,60,100,100,1,FALSE
126,116,Horsea,Horsea,Water,nan,FALSE,295,30,40,70,70,25,60,1,FALSE
127,117,Seadra,Seadra,Water,nan,FALSE,440,55,65,95,95,45,85,1,FALSE
128,118,Goldeen,Goldeen,Water,nan,FALSE,320,45,67,60,35,50,63,1,FALSE
129,119,Seaking,Seaking,Water,nan,FALSE,450,80,92,65,65,80,68,1,FALSE
130,120,Staryu,Staryu,Water,nan,FALSE,340,30,45,55,70,55,85,1,FALSE
131,121,Starmie,Starmie,Water,Psychic,TRUE,520,60,75,85,100,85,115,1,FALSE
132,122,Mr. Mime,Mr. Mime,Psychic,Fairy,TRUE,460,40,45,65,100,120,90,1,FALSE
133,123,Scyther,Scyther,Bug,Flying,TRUE,500,70,110,80,55,80,105,1,FALSE
134,124,Jynx,Jynx,Ice,Psychic,TRUE,455,65,50,35,115,95,95,1,FALSE
135,125,Electabuzz,Electabuzz,Electric,nan,FALSE,490,65,83,57,95,85,105,1,FALSE
136,126,Magmar,Magmar,Fire,nan,FALSE,495,65,95,57,100,85,93,1,FALSE
137,127,Pinsir,Pinsir,Bug,nan,FALSE,500,65,125,100,55,70,85,1,FALSE
138,127,PinsirMega Pinsir,PinsirPinsir,Bug,Flying,TRUE,600,65,155,120,65,90,105,1,FALSE
139,128,Tauros,Tauros,Normal,nan,FALSE,490,75,100,95,40,70,110,1,FALSE
140,129,Magikarp,Magikarp,Water,nan,FALSE,200,20,10,55,15,20,80,1,FALSE
141,130,Gyarados,Gyarados,Water,Flying,TRUE,540,95,125,79,60,100,81,1,FALSE
142,130,GyaradosMega Gyarados,GyaradosGyarados,Water,Dark,TRUE,640,95,155,109,70,130,81,1,FALSE
143,131,Lapras,Lapras,Water,Ice,TRUE,535,130,85,80,85,95,60,1,FALSE
144,132,Ditto,Ditto,Normal,nan,FALSE,288,48,48,48,48,48,48,1,FALSE
145,133,Eevee,Eevee,Normal,nan,FALSE,325,55,55,50,45,65,55,1,FALSE
146,134,Vaporeon,Vaporeon,Water,nan,FALSE,525,130,65,60,110,95,65,1,FALSE
147,135,Jolteon,Jolteon,Electric,nan,FALSE,525,65,65,60,110,95,130,1,FALSE
148,136,Flareon,Flareon,Fire,nan,FALSE,525,65,130,60,95,110,65,1,FALSE
149,137,Porygon,Porygon,Normal,nan,FALSE,395,65,60,70,85,75,40,1,FALSE
150,138,Omanyte,Omanyte,Rock,Water,TRUE,355,35,40,100,90,55,35,1,FALSE
151,139,Omastar,Omastar,Rock,Water,TRUE,495,70,60,125,115,70,55,1,FALSE
152,140,Kabuto,Kabuto,Rock,Water,TRUE,355,30,80,90,55,45,55,1,FALSE
153,141,Kabutops,Kabutops,Rock,Water,TRUE,495,60,115,105,65,70,80,1,FALSE
154,142,Aerodactyl,Aerodactyl,Rock,Flying,TRUE,515,80,105,65,60,75,130,1,FALSE
155,142,AerodactylMega Aerodactyl,AerodactylAerodactyl,Rock,Flying,TRUE,615,80,135,85,70,95,150,1,FALSE
156,143,Snorlax,Snorlax,Normal,nan,FALSE,540,160,110,65,65,110,30,1,FALSE
157,144,Articuno,Articuno,Ice,Flying,TRUE,580,90,85,100,95,125,85,1,TRUE
158,145,Zapdos,Zapdos,Electric,Flying,TRUE,580,90,90,85,125,90,100,1,TRUE
159,146,Moltres,Moltres,Fire,Flying,TRUE,580,90,100,90,125,85,90,1,TRUE
160,147,Dratini,Dratini,Dragon,nan,FALSE,300,41,64,45,50,50,50,1,FALSE
161,148,Dragonair,Dragonair,Dragon,nan,FALSE,420,61,84,65,70,70,70,1,FALSE
162,149,Dragonite,Dragonite,Dragon,Flying,TRUE,600,91,134,95,100,100,80,1,FALSE
163,150,Mewtwo,Mewtwo,Psychic,nan,FALSE,680,106,110,90,154,90,130,1,TRUE
164,150,MewtwoMega Mewtwo X,MewtwoMewtwo X,Psychic,Fighting,TRUE,780,106,190,100,154,100,130,1,TRUE
165,150,MewtwoMega Mewtwo Y,MewtwoMewtwo Y,Psychic,nan,FALSE,780,106,150,70,194,120,140,1,TRUE
166,151,Mew,Mew,Psychic,nan,FALSE,600,100,100,100,100,100,100,1,FALSE
167,152,Chikorita,Chikorita,Grass,nan,FALSE,318,45,49,65,49,65,45,2,FALSE
168,153,Bayleef,Bayleef,Grass,nan,FALSE,405,60,62,80,63,80,60,2,FALSE
169,154,Meganium,Meganium,Grass,nan,FALSE,525,80,82,100,83,100,80,2,FALSE
170,155,Cyndaquil,Cyndaquil,Fire,nan,FALSE,309,39,52,43,60,50,65,2,FALSE
171,156,Quilava,Quilava,Fire,nan,FALSE,405,58,64,58,80,65,80,2,FALSE
172,157,Typhlosion,Typhlosion,Fire,nan,FALSE,534,78,84,78,109,85,100,2,FALSE
173,158,Totodile,Totodile,Water,nan,FALSE,314,50,65,64,44,48,43,2,FALSE
174,159,Croconaw,Croconaw,Water,nan,FALSE,405,65,80,80,59,63,58,2,FALSE
175,160,Feraligatr,Feraligatr,Water,nan,FALSE,530,85,105,100,79,83,78,2,FALSE
176,161,Sentret,Sentret,Normal,nan,FALSE,215,35,46,34,35,45,20,2,FALSE
177,162,Furret,Furret,Normal,nan,FALSE,415,85,76,64,45,55,90,2,FALSE
178,163,Hoothoot,Hoothoot,Normal,Flying,TRUE,262,60,30,30,36,56,50,2,FALSE
179,164,Noctowl,Noctowl,Normal,Flying,TRUE,442,100,50,50,76,96,70,2,FALSE
180,165,Ledyba,Ledyba,Bug,Flying,TRUE,265,40,20,30,40,80,55,2,FALSE
181,166,Ledian,Ledian,Bug,Flying,TRUE,390,55,35,50,55,110,85,2,FALSE
182,167,Spinarak,Spinarak,Bug,Poison,TRUE,250,40,60,40,40,40,30,2,FALSE
183,168,Ariados,Ariados,Bug,Poison,TRUE,390,70,90,70,60,60,40,2,FALSE
184,169,Crobat,Crobat,Poison,Flying,TRUE,535,85,90,80,70,80,130,2,FALSE
185,170,Chinchou,Chinchou,Water,Electric,TRUE,330,75,38,38,56,56,67,2,FALSE
186,171,Lanturn,Lanturn,Water,Electric,TRUE,460,125,58,58,76,76,67,2,FALSE
187,172,Pichu,Pichu,Electric,nan,FALSE,205,20,40,15,35,35,60,2,FALSE
188,173,Cleffa,Cleffa,Fairy,nan,FALSE,218,50,25,28,45,55,15,2,FALSE
189,174,Igglybuff,Igglybuff,Normal,Fairy,TRUE,210,90,30,15,40,20,15,2,FALSE
190,175,Togepi,Togepi,Fairy,nan,FALSE,245,35,20,65,40,65,20,2,FALSE
191,176,Togetic,Togetic,Fairy,Flying,TRUE,405,55,40,85,80,105,40,2,FALSE
192,177,Natu,Natu,Psychic,Flying,TRUE,320,40,50,45,70,45,70,2,FALSE
193,178,Xatu,Xatu,Psychic,Flying,TRUE,470,65,75,70,95,70,95,2,FALSE
194,179,Mareep,Mareep,Electric,nan,FALSE,280,55,40,40,65,45,35,2,FALSE
195,180,Flaaffy,Flaaffy,Electric,nan,FALSE,365,70,55,55,80,60,45,2,FALSE
196,181,Ampharos,Ampharos,Electric,nan,FALSE,510,90,75,85,115,90,55,2,FALSE
197,181,AmpharosMega Ampharos,AmpharosAmpharos,Electric,Dragon,TRUE,610,90,95,105,165,110,45,2,FALSE
198,182,Bellossom,Bellossom,Grass,nan,FALSE,490,75,80,95,90,100,50,2,FALSE
199,183,Marill,Marill,Water,Fairy,TRUE,250,70,20,50,20,50,40,2,FALSE
200,184,Azumarill,Azumarill,Water,Fairy,TRUE,420,100,50,80,60,80,50,2,FALSE
201,185,Sudowoodo,Sudowoodo,Rock,nan,FALSE,410,70,100,115,30,65,30,2,FALSE
202,186,Politoed,Politoed,Water,nan,FALSE,500,90,75,75,90,100,70,2,FALSE
203,187,Hoppip,Hoppip,Grass,Flying,TRUE,250,35,35,40,35,55,50,2,FALSE
204,188,Skiploom,Skiploom,Grass,Flying,TRUE,340,55,45,50,45,65,80,2,FALSE
205,189,Jumpluff,Jumpluff,Grass,Flying,TRUE,460,75,55,70,55,95,110,2,FALSE
206,190,Aipom,Aipom,Normal,nan,FALSE,360,55,70,55,40,55,85,2,FALSE
207,191,Sunkern,Sunkern,Grass,nan,FALSE,180,30,30,30,30,30,30,2,FALSE
208,192,Sunflora,Sunflora,Grass,nan,FALSE,425,75,75,55,105,85,30,2,FALSE
209,193,Yanma,Yanma,Bug,Flying,TRUE,390,65,65,45,75,45,95,2,FALSE
210,194,Wooper,Wooper,Water,Ground,TRUE,210,55,45,45,25,25,15,2,FALSE
211,195,Quagsire,Quagsire,Water,Ground,TRUE,430,95,85,85,65,65,35,2,FALSE
212,196,Espeon,Espeon,Psychic,nan,FALSE,525,65,65,60,130,95,110,2,FALSE
213,197,Umbreon,Umbreon,Dark,nan,FALSE,525,95,65,110,60,130,65,2,FALSE
214,198,Murkrow,Murkrow,Dark,Flying,TRUE,405,60,85,42,85,42,91,2,FALSE
215,199,Slowking,Slowking,Water,Psychic,TRUE,490,95,75,80,100,110,30,2,FALSE
216,200,Misdreavus,Misdreavus,Ghost,nan,FALSE,435,60,60,60,85,85,85,2,FALSE
217,201,Unown,Unown,Psychic,nan,FALSE,336,48,72,48,72,48,48,2,FALSE
218,202,Wobbuffet,Wobbuffet,Psychic,nan,FALSE,405,190,33,58,33,58,33,2,FALSE
219,203,Girafarig,Girafarig,Normal,Psychic,TRUE,455,70,80,65,90,65,85,2,FALSE
220,204,Pineco,Pineco,Bug,nan,FALSE,290,50,65,90,35,35,15,2,FALSE
221,205,Forretress,Forretress,Bug,Steel,TRUE,465,75,90,140,60,60,40,2,FALSE
222,206,Dunsparce,Dunsparce,Normal,nan,FALSE,415,100,70,70,65,65,45,2,FALSE
223,207,Gligar,Gligar,Ground,Flying,TRUE,430,65,75,105,35,65,85,2,FALSE
224,208,Steelix,Steelix,Steel,Ground,TRUE,510,75,85,200,55,65,30,2,FALSE
225,208,SteelixMega Steelix,SteelixSteelix,Steel,Ground,TRUE,610,75,125,230,55,95,30,2,FALSE
226,209,Snubbull,Snubbull,Fairy,nan,FALSE,300,60,80,50,40,40,30,2,FALSE
227,210,Granbull,Granbull,Fairy,nan,FALSE,450,90,120,75,60,60,45,2,FALSE
228,211,Qwilfish,Qwilfish,Water,Poison,TRUE,430,65,95,75,55,55,85,2,FALSE
229,212,Scizor,Scizor,Bug,Steel,TRUE,500,70,130,100,55,80,65,2,FALSE
230,212,ScizorMega Scizor,ScizorScizor,Bug,Steel,TRUE,600,70,150,140,65,100,75,2,FALSE
231,213,Shuckle,Shuckle,Bug,Rock,TRUE,505,20,10,230,10,230,5,2,FALSE
232,214,Heracross,Heracross,Bug,Fighting,TRUE,500,80,125,75,40,95,85,2,FALSE
233,214,HeracrossMega Heracross,HeracrossHeracross,Bug,Fighting,TRUE,600,80,185,115,40,105,75,2,FALSE
234,215,Sneasel,Sneasel,Dark,Ice,TRUE,430,55,95,55,35,75,115,2,FALSE
235,216,Teddiursa,Teddiursa,Normal,nan,FALSE,330,60,80,50,50,50,40,2,FALSE
236,217,Ursaring,Ursaring,Normal,nan,FALSE,500,90,130,75,75,75,55,2,FALSE
237,218,Slugma,Slugma,Fire,nan,FALSE,250,40,40,40,70,40,20,2,FALSE
238,219,Magcargo,Magcargo,Fire,Rock,TRUE,410,50,50,120,80,80,30,2,FALSE
239,220,Swinub,Swinub,Ice,Ground,TRUE,250,50,50,40,30,30,50,2,FALSE
240,221,Piloswine,Piloswine,Ice,Ground,TRUE,450,100,100,80,60,60,50,2,FALSE
241,222,Corsola,Corsola,Water,Rock,TRUE,380,55,55,85,65,85,35,2,FALSE
242,223,Remoraid,Remoraid,Water,nan,FALSE,300,35,65,35,65,35,65,2,FALSE
243,224,Octillery,Octillery,Water,nan,FALSE,480,75,105,75,105,75,45,2,FALSE
244,225,Delibird,Delibird,Ice,Flying,TRUE,330,45,55,45,65,45,75,2,FALSE
245,226,Mantine,Mantine,Water,Flying,TRUE,465,65,40,70,80,140,70,2,FALSE
246,227,Skarmory,Skarmory,Steel,Flying,TRUE,465,65,80,140,40,70,70,2,FALSE
247,228,Houndour,Houndour,Dark,Fire,TRUE,330,45,60,30,80,50,65,2,FALSE
248,229,Houndoom,Houndoom,Dark,Fire,TRUE,500,75,90,50,110,80,95,2,FALSE
249,229,HoundoomMega Houndoom,HoundoomHoundoom,Dark,Fire,TRUE,600,75,90,90,140,90,115,2,FALSE
250,230,Kingdra,Kingdra,Water,Dragon,TRUE,540,75,95,95,95,95,85,2,FALSE
251,231,Phanpy,Phanpy,Ground,nan,FALSE,330,90,60,60,40,40,40,2,FALSE
252,232,Donphan,Donphan,Ground,nan,FALSE,500,90,120,120,60,60,50,2,FALSE
253,233,Porygon2,Porygon2,Normal,nan,FALSE,515,85,80,90,105,95,60,2,FALSE
254,234,Stantler,Stantler,Normal,nan,FALSE,465,73,95,62,85,65,85,2,FALSE
255,235,Smeargle,Smeargle,Normal,nan,FALSE,250,55,20,35,20,45,75,2,FALSE
256,236,Tyrogue,Tyrogue,Fighting,nan,FALSE,210,35,35,35,35,35,35,2,FALSE
257,237,Hitmontop,Hitmontop,Fighting,nan,FALSE,455,50,95,95,35,110,70,2,FALSE
258,238,Smoochum,Smoochum,Ice,Psychic,TRUE,305,45,30,15,85,65,65,2,FALSE
259,239,Elekid,Elekid,Electric,nan,FALSE,360,45,63,37,65,55,95,2,FALSE
260,240,Magby,Magby,Fire,nan,FALSE,365,45,75,37,70,55,83,2,FALSE
261,241,Miltank,Miltank,Normal,nan,FALSE,490,95,80,105,40,70,100,2,FALSE
262,242,Blissey,Blissey,Normal,nan,FALSE,540,255,10,10,75,135,55,2,FALSE
263,243,Raikou,Raikou,Electric,nan,FALSE,580,90,85,75,115,100,115,2,TRUE
264,244,Entei,Entei,Fire,nan,FALSE,580,115,115,85,90,75,100,2,TRUE
265,245,Suicune,Suicune,Water,nan,FALSE,580,100,75,115,90,115,85,2,TRUE
266,246,Larvitar,Larvitar,Rock,Ground,TRUE,300,50,64,50,45,50,41,2,FALSE
267,247,Pupitar,Pupitar,Rock,Ground,TRUE,410,70,84,70,65,70,51,2,FALSE
268,248,Tyranitar,Tyranitar,Rock,Dark,TRUE,600,100,134,110,95,100,61,2,FALSE
269,248,TyranitarMega Tyranitar,TyranitarTyranitar,Rock,Dark,TRUE,700,100,164,150,95,120,71,2,FALSE
270,249,Lugia,Lugia,Psychic,Flying,TRUE,680,106,90,130,90,154,110,2,TRUE
271,250,Ho-oh,Ho-oh,Fire,Flying,TRUE,680,106,130,90,110,154,90,2,TRUE
272,251,Celebi,Celebi,Psychic,Grass,TRUE,600,100,100,100,100,100,100,2,FALSE
273,252,Treecko,Treecko,Grass,nan,FALSE,310,40,45,35,65,55,70,3,FALSE
274,253,Grovyle,Grovyle,Grass,nan,FALSE,405,50,65,45,85,65,95,3,FALSE
275,254,Sceptile,Sceptile,Grass,nan,FALSE,530,70,85,65,105,85,120,3,FALSE
276,254,SceptileMega Sceptile,SceptileSceptile,Grass,Dragon,TRUE,630,70,110,75,145,85,145,3,FALSE
277,255,Torchic,Torchic,Fire,nan,FALSE,310,45,60,40,70,50,45,3,FALSE
278,256,Combusken,Combusken,Fire,Fighting,TRUE,405,60,85,60,85,60,55,3,FALSE
279,257,Blaziken,Blaziken,Fire,Fighting,TRUE,530,80,120,70,110,70,80,3,FALSE
280,257,BlazikenMega Blaziken,BlazikenBlaziken,Fire,Fighting,TRUE,630,80,160,80,130,80,100,3,FALSE
281,258,Mudkip,Mudkip,Water,nan,FALSE,310,50,70,50,50,50,40,3,FALSE
282,259,Marshtomp,Marshtomp,Water,Ground,TRUE,405,70,85,70,60,70,50,3,FALSE
283,260,Swampert,Swampert,Water,Ground,TRUE,535,100,110,90,85,90,60,3,FALSE
284,260,SwampertMega Swampert,SwampertSwampert,Water,Ground,TRUE,635,100,150,110,95,110,70,3,FALSE
285,261,Poochyena,Poochyena,Dark,nan,FALSE,220,35,55,35,30,30,35,3,FALSE
286,262,Mightyena,Mightyena,Dark,nan,FALSE,420,70,90,70,60,60,70,3,FALSE
287,263,Zigzagoon,Zigzagoon,Normal,nan,FALSE,240,38,30,41,30,41,60,3,FALSE
288,264,Linoone,Linoone,Normal,nan,FALSE,420,78,70,61,50,61,100,3,FALSE
289,265,Wurmple,Wurmple,Bug,nan,FALSE,195,45,45,35,20,30,20,3,FALSE
290,266,Silcoon,Silcoon,Bug,nan,FALSE,205,50,35,55,25,25,15,3,FALSE
291,267,Beautifly,Beautifly,Bug,Flying,TRUE,395,60,70,50,100,50,65,3,FALSE
292,268,Cascoon,Cascoon,Bug,nan,FALSE,205,50,35,55,25,25,15,3,FALSE
293,269,Dustox,Dustox,Bug,Poison,TRUE,385,60,50,70,50,90,65,3,FALSE
294,270,Lotad,Lotad,Water,Grass,TRUE,220,40,30,30,40,50,30,3,FALSE
295,271,Lombre,Lombre,Water,Grass,TRUE,340,60,50,50,60,70,50,3,FALSE
296,272,Ludicolo,Ludicolo,Water,Grass,TRUE,480,80,70,70,90,100,70,3,FALSE
297,273,Seedot,Seedot,Grass,nan,FALSE,220,40,40,50,30,30,30,3,FALSE
298,274,Nuzleaf,Nuzleaf,Grass,Dark,TRUE,340,70,70,40,60,40,60,3,FALSE
299,275,Shiftry,Shiftry,Grass,Dark,TRUE,480,90,100,60,90,60,80,3,FALSE
300,276,Taillow,Taillow,Normal,Flying,TRUE,270,40,55,30,30,30,85,3,FALSE
301,277,Swellow,Swellow,Normal,Flying,TRUE,430,60,85,60,50,50,125,3,FALSE
302,278,Wingull,Wingull,Water,Flying,TRUE,270,40,30,30,55,30,85,3,FALSE
303,279,Pelipper,Pelipper,Water,Flying,TRUE,430,60,50,100,85,70,65,3,FALSE
304,280,Ralts,Ralts,Psychic,Fairy,TRUE,198,28,25,25,45,35,40,3,FALSE
305,281,Kirlia,Kirlia,Psychic,Fairy,TRUE,278,38,35,35,65,55,50,3,FALSE
306,282,Gardevoir,Gardevoir,Psychic,Fairy,TRUE,518,68,65,65,125,115,80,3,FALSE
307,282,GardevoirMega Gardevoir,GardevoirGardevoir,Psychic,Fairy,TRUE,618,68,85,65,165,135,100,3,FALSE
308,283,Surskit,Surskit,Bug,Water,TRUE,269,40,30,32,50,52,65,3,FALSE
309,284,Masquerain,Masquerain,Bug,Flying,TRUE,414,70,60,62,80,82,60,3,FALSE
310,285,Shroomish,Shroomish,Grass,nan,FALSE,295,60,40,60,40,60,35,3,FALSE
311,286,Breloom,Breloom,Grass,Fighting,TRUE,460,60,130,80,60,60,70,3,FALSE
312,287,Slakoth,Slakoth,Normal,nan,FALSE,280,60,60,60,35,35,30,3,FALSE
313,288,Vigoroth,Vigoroth,Normal,nan,FALSE,440,80,80,80,55,55,90,3,FALSE
314,289,Slaking,Slaking,Normal,nan,FALSE,670,150,160,100,95,65,100,3,FALSE
315,290,Nincada,Nincada,Bug,Ground,TRUE,266,31,45,90,30,30,40,3,FALSE
316,291,Ninjask,Ninjask,Bug,Flying,TRUE,456,61,90,45,50,50,160,3,FALSE
317,292,Shedinja,Shedinja,Bug,Ghost,TRUE,236,1,90,45,30,30,40,3,FALSE
318,293,Whismur,Whismur,Normal,nan,FALSE,240,64,51,23,51,23,28,3,FALSE
319,294,Loudred,Loudred,Normal,nan,FALSE,360,84,71,43,71,43,48,3,FALSE
320,295,Exploud,Exploud,Normal,nan,FALSE,490,104,91,63,91,73,68,3,FALSE
321,296,Makuhita,Makuhita,Fighting,nan,FALSE,237,72,60,30,20,30,25,3,FALSE
322,297,Hariyama,Hariyama,Fighting,nan,FALSE,474,144,120,60,40,60,50,3,FALSE
323,298,Azurill,Azurill,Normal,Fairy,TRUE,190,50,20,40,20,40,20,3,FALSE
324,299,Nosepass,Nosepass,Rock,nan,FALSE,375,30,45,135,45,90,30,3,FALSE
325,300,Skitty,Skitty,Normal,nan,FALSE,260,50,45,45,35,35,50,3,FALSE
326,301,Delcatty,Delcatty,Normal,nan,FALSE,380,70,65,65,55,55,70,3,FALSE
327,302,Sableye,Sableye,Dark,Ghost,TRUE,380,50,75,75,65,65,50,3,FALSE
328,302,SableyeMega Sableye,SableyeSableye,Dark,Ghost,TRUE,480,50,85,125,85,115,20,3,FALSE
329,303,Mawile,Mawile,Steel,Fairy,TRUE,380,50,85,85,55,55,50,3,FALSE
330,303,MawileMega Mawile,MawileMawile,Steel,Fairy,TRUE,480,50,105,125,55,95,50,3,FALSE
331,304,Aron,Aron,Steel,Rock,TRUE,330,50,70,100,40,40,30,3,FALSE
332,305,Lairon,Lairon,Steel,Rock,TRUE,430,60,90,140,50,50,40,3,FALSE
333,306,Aggron,Aggron,Steel,Rock,TRUE,530,70,110,180,60,60,50,3,FALSE
334,306,AggronMega Aggron,AggronAggron,Steel,nan,FALSE,630,70,140,230,60,80,50,3,FALSE
335,307,Meditite,Meditite,Fighting,Psychic,TRUE,280,30,40,55,40,55,60,3,FALSE
336,308,Medicham,Medicham,Fighting,Psychic,TRUE,410,60,60,75,60,75,80,3,FALSE
337,308,MedichamMega Medicham,MedichamMedicham,Fighting,Psychic,TRUE,510,60,100,85,80,85,100,3,FALSE
338,309,Electrike,Electrike,Electric,nan,FALSE,295,40,45,40,65,40,65,3,FALSE
339,310,Manectric,Manectric,Electric,nan,FALSE,475,70,75,60,105,60,105,3,FALSE
340,310,ManectricMega Manectric,ManectricManectric,Electric,nan,FALSE,575,70,75,80,135,80,135,3,FALSE
341,311,Plusle,Plusle,Electric,nan,FALSE,405,60,50,40,85,75,95,3,FALSE
342,312,Minun,Minun,Electric,nan,FALSE,405,60,40,50,75,85,95,3,FALSE
343,313,Volbeat,Volbeat,Bug,nan,FALSE,400,65,73,55,47,75,85,3,FALSE
344,314,Illumise,Illumise,Bug,nan,FALSE,400,65,47,55,73,75,85,3,FALSE
345,315,Roselia,Roselia,Grass,Poison,TRUE,400,50,60,45,100,80,65,3,FALSE
346,316,Gulpin,Gulpin,Poison,nan,FALSE,302,70,43,53,43,53,40,3,FALSE
347,317,Swalot,Swalot,Poison,nan,FALSE,467,100,73,83,73,83,55,3,FALSE
348,318,Carvanha,Carvanha,Water,Dark,TRUE,305,45,90,20,65,20,65,3,FALSE
349,319,Sharpedo,Sharpedo,Water,Dark,TRUE,460,70,120,40,95,40,95,3,FALSE
350,319,SharpedoMega Sharpedo,SharpedoSharpedo,Water,Dark,TRUE,560,70,140,70,110,65,105,3,FALSE
351,320,Wailmer,Wailmer,Water,nan,FALSE,400,130,70,35,70,35,60,3,FALSE
352,321,Wailord,Wailord,Water,nan,FALSE,500,170,90,45,90,45,60,3,FALSE
353,322,Numel,Numel,Fire,Ground,TRUE,305,60,60,40,65,45,35,3,FALSE
354,323,Camerupt,Camerupt,Fire,Ground,TRUE,460,70,100,70,105,75,40,3,FALSE
355,323,CameruptMega Camerupt,CameruptCamerupt,Fire,Ground,TRUE,560,70,120,100,145,105,20,3,FALSE
356,324,Torkoal,Torkoal,Fire,nan,FALSE,470,70,85,140,85,70,20,3,FALSE
357,325,Spoink,Spoink,Psychic,nan,FALSE,330,60,25,35,70,80,60,3,FALSE
358,326,Grumpig,Grumpig,Psychic,nan,FALSE,470,80,45,65,90,110,80,3,FALSE
359,327,Spinda,Spinda,Normal,nan,FALSE,360,60,60,60,60,60,60,3,FALSE
360,328,Trapinch,Trapinch,Ground,nan,FALSE,290,45,100,45,45,45,10,3,FALSE
361,329,Vibrava,Vibrava,Ground,Dragon,TRUE,340,50,70,50,50,50,70,3,FALSE
362,330,Flygon,Flygon,Ground,Dragon,TRUE,520,80,100,80,80,80,100,3,FALSE
363,331,Cacnea,Cacnea,Grass,nan,FALSE,335,50,85,40,85,40,35,3,FALSE
364,332,Cacturne,Cacturne,Grass,Dark,TRUE,475,70,115,60,115,60,55,3,FALSE
365,333,Swablu,Swablu,Normal,Flying,TRUE,310,45,40,60,40,75,50,3,FALSE
366,334,Altaria,Altaria,Dragon,Flying,TRUE,490,75,70,90,70,105,80,3,FALSE
367,334,AltariaMega Altaria,AltariaAltaria,Dragon,Fairy,TRUE,590,75,110,110,110,105,80,3,FALSE
368,335,Zangoose,Zangoose,Normal,nan,FALSE,458,73,115,60,60,60,90,3,FALSE
369,336,Seviper,Seviper,Poison,nan,FALSE,458,73,100,60,100,60,65,3,FALSE
370,337,Lunatone,Lunatone,Rock,Psychic,TRUE,440,70,55,65,95,85,70,3,FALSE
371,338,Solrock,Solrock,Rock,Psychic,TRUE,440,70,95,85,55,65,70,3,FALSE
372,339,Barboach,Barboach,Water,Ground,TRUE,288,50,48,43,46,41,60,3,FALSE
373,340,Whiscash,Whiscash,Water,Ground,TRUE,468,110,78,73,76,71,60,3,FALSE
374,341,Corphish,Corphish,Water,nan,FALSE,308,43,80,65,50,35,35,3,FALSE
375,342,Crawdaunt,Crawdaunt,Water,Dark,TRUE,468,63,120,85,90,55,55,3,FALSE
376,343,Baltoy,Baltoy,Ground,Psychic,TRUE,300,40,40,55,40,70,55,3,FALSE
377,344,Claydol,Claydol,Ground,Psychic,TRUE,500,60,70,105,70,120,75,3,FALSE
378,345,Lileep,Lileep,Rock,Grass,TRUE,355,66,41,77,61,87,23,3,FALSE
379,346,Cradily,Cradily,Rock,Grass,TRUE,495,86,81,97,81,107,43,3,FALSE
380,347,Anorith,Anorith,Rock,Bug,TRUE,355,45,95,50,40,50,75,3,FALSE
381,348,Armaldo,Armaldo,Rock,Bug,TRUE,495,75,125,100,70,80,45,3,FALSE
382,349,Feebas,Feebas,Water,nan,FALSE,200,20,15,20,10,55,80,3,FALSE
383,350,Milotic,Milotic,Water,nan,FALSE,540,95,60,79,100,125,81,3,FALSE
384,351,Castform,Castform,Normal,nan,FALSE,420,70,70,70,70,70,70,3,FALSE
385,352,Kecleon,Kecleon,Normal,nan,FALSE,440,60,90,70,60,120,40,3,FALSE
386,353,Shuppet,Shuppet,Ghost,nan,FALSE,295,44,75,35,63,33,45,3,FALSE
387,354,Banette,Banette,Ghost,nan,FALSE,455,64,115,65,83,63,65,3,FALSE
388,354,BanetteMega Banette,BanetteBanette,Ghost,nan,FALSE,555,64,165,75,93,83,75,3,FALSE
389,355,Duskull,Duskull,Ghost,nan,FALSE,295,20,40,90,30,90,25,3,FALSE
390,356,Dusclops,Dusclops,Ghost,nan,FALSE,455,40,70,130,60,130,25,3,FALSE
391,357,Tropius,Tropius,Grass,Flying,TRUE,460,99,68,83,72,87,51,3,FALSE
392,358,Chimecho,Chimecho,Psychic,nan,FALSE,425,65,50,70,95,80,65,3,FALSE
393,359,Absol,Absol,Dark,nan,FALSE,465,65,130,60,75,60,75,3,FALSE
394,359,AbsolMega Absol,AbsolAbsol,Dark,nan,FALSE,565,65,150,60,115,60,115,3,FALSE
395,360,Wynaut,Wynaut,Psychic,nan,FALSE,260,95,23,48,23,48,23,3,FALSE
396,361,Snorunt,Snorunt,Ice,nan,FALSE,300,50,50,50,50,50,50,3,FALSE
397,362,Glalie,Glalie,Ice,nan,FALSE,480,80,80,80,80,80,80,3,FALSE
398,362,GlalieMega Glalie,GlalieGlalie,Ice,nan,FALSE,580,80,120,80,120,80,100,3,FALSE
399,363,Spheal,Spheal,Ice,Water,TRUE,290,70,40,50,55,50,25,3,FALSE
400,364,Sealeo,Sealeo,Ice,Water,TRUE,410,90,60,70,75,70,45,3,FALSE
401,365,Walrein,Walrein,Ice,Water,TRUE,530,110,80,90,95,90,65,3,FALSE
402,366,Clamperl,Clamperl,Water,nan,FALSE,345,35,64,85,74,55,32,3,FALSE
403,367,Huntail,Huntail,Water,nan,FALSE,485,55,104,105,94,75,52,3,FALSE
404,368,Gorebyss,Gorebyss,Water,nan,FALSE,485,55,84,105,114,75,52,3,FALSE
405,369,Relicanth,Relicanth,Water,Rock,TRUE,485,100,90,130,45,65,55,3,FALSE
406,370,Luvdisc,Luvdisc,Water,nan,FALSE,330,43,30,55,40,65,97,3,FALSE
407,371,Bagon,Bagon,Dragon,nan,FALSE,300,45,75,60,40,30,50,3,FALSE
408,372,Shelgon,Shelgon,Dragon,nan,FALSE,420,65,95,100,60,50,50,3,FALSE
409,373,Salamence,Salamence,Dragon,Flying,TRUE,600,95,135,80,110,80,100,3,FALSE
410,373,SalamenceMega Salamence,SalamenceSalamence,Dragon,Flying,TRUE,700,95,145,130,120,90,120,3,FALSE
411,374,Beldum,Beldum,Steel,Psychic,TRUE,300,40,55,80,35,60,30,3,FALSE
412,375,Metang,Metang,Steel,Psychic,TRUE,420,60,75,100,55,80,50,3,FALSE
413,376,Metagross,Metagross,Steel,Psychic,TRUE,600,80,135,130,95,90,70,3,FALSE
414,376,MetagrossMega Metagross,MetagrossMetagross,Steel,Psychic,TRUE,700,80,145,150,105,110,110,3,FALSE
415,377,Regirock,Regirock,Rock,nan,FALSE,580,80,100,200,50,100,50,3,TRUE
416,378,Regice,Regice,Ice,nan,FALSE,580,80,50,100,100,200,50,3,TRUE
417,379,Registeel,Registeel,Steel,nan,FALSE,580,80,75,150,75,150,50,3,TRUE
418,380,Latias,Latias,Dragon,Psychic,TRUE,600,80,80,90,110,130,110,3,TRUE
419,380,LatiasMega Latias,LatiasLatias,Dragon,Psychic,TRUE,700,80,100,120,140,150,110,3,TRUE
420,381,Latios,Latios,Dragon,Psychic,TRUE,600,80,90,80,130,110,110,3,TRUE
421,381,LatiosMega Latios,LatiosLatios,Dragon,Psychic,TRUE,700,80,130,100,160,120,110,3,TRUE
422,382,Kyogre,Kyogre,Water,nan,FALSE,670,100,100,90,150,140,90,3,TRUE
423,382,KyogrePrimal Kyogre,KyogrePrimal Kyogre,Water,nan,FALSE,770,100,150,90,180,160,90,3,TRUE
424,383,Groudon,Groudon,Ground,nan,FALSE,670,100,150,140,100,90,90,3,TRUE
425,383,GroudonPrimal Groudon,GroudonPrimal Groudon,Ground,Fire,TRUE,770,100,180,160,150,90,90,3,TRUE
426,384,Rayquaza,Rayquaza,Dragon,Flying,TRUE,680,105,150,90,150,90,95,3,TRUE
427,384,RayquazaMega Rayquaza,RayquazaRayquaza,Dragon,Flying,TRUE,780,105,180,100,180,100,115,3,TRUE
428,385,Jirachi,Jirachi,Steel,Psychic,TRUE,600,100,100,100,100,100,100,3,TRUE
429,386,DeoxysNormal Forme,DeoxysNormal Forme,Psychic,nan,FALSE,600,50,150,50,150,50,150,3,TRUE
430,386,DeoxysAttack Forme,DeoxysAttack Forme,Psychic,nan,FALSE,600,50,180,20,180,20,150,3,TRUE
431,386,DeoxysDefense Forme,DeoxysDefense Forme,Psychic,nan,FALSE,600,50,70,160,70,160,90,3,TRUE
432,386,DeoxysSpeed Forme,DeoxysSpeed Forme,Psychic,nan,FALSE,600,50,95,90,95,90,180,3,TRUE
433,387,Turtwig,Turtwig,Grass,nan,FALSE,318,55,68,64,45,55,31,4,FALSE
434,388,Grotle,Grotle,Grass,nan,FALSE,405,75,89,85,55,65,36,4,FALSE
435,389,Torterra,Torterra,Grass,Ground,TRUE,525,95,109,105,75,85,56,4,FALSE
436,390,Chimchar,Chimchar,Fire,nan,FALSE,309,44,58,44,58,44,61,4,FALSE
437,391,Monferno,Monferno,Fire,Fighting,TRUE,405,64,78,52,78,52,81,4,FALSE
438,392,Infernape,Infernape,Fire,Fighting,TRUE,534,76,104,71,104,71,108,4,FALSE
439,393,Piplup,Piplup,Water,nan,FALSE,314,53,51,53,61,56,40,4,FALSE
440,394,Prinplup,Prinplup,Water,nan,FALSE,405,64,66,68,81,76,50,4,FALSE
441,395,Empoleon,Empoleon,Water,Steel,TRUE,530,84,86,88,111,101,60,4,FALSE
442,396,Starly,Starly,Normal,Flying,TRUE,245,40,55,30,30,30,60,4,FALSE
443,397,Staravia,Staravia,Normal,Flying,TRUE,340,55,75,50,40,40,80,4,FALSE
444,398,Staraptor,Staraptor,Normal,Flying,TRUE,485,85,120,70,50,60,100,4,FALSE
445,399,Bidoof,Bidoof,Normal,nan,FALSE,250,59,45,40,35,40,31,4,FALSE
446,400,Bibarel,Bibarel,Normal,Water,TRUE,410,79,85,60,55,60,71,4,FALSE
447,401,Kricketot,Kricketot,Bug,nan,FALSE,194,37,25,41,25,41,25,4,FALSE
448,402,Kricketune,Kricketune,Bug,nan,FALSE,384,77,85,51,55,51,65,4,FALSE
449,403,Shinx,Shinx,Electric,nan,FALSE,263,45,65,34,40,34,45,4,FALSE
450,404,Luxio,Luxio,Electric,nan,FALSE,363,60,85,49,60,49,60,4,FALSE
451,405,Luxray,Luxray,Electric,nan,FALSE,523,80,120,79,95,79,70,4,FALSE
452,406,Budew,Budew,Grass,Poison,TRUE,280,40,30,35,50,70,55,4,FALSE
453,407,Roserade,Roserade,Grass,Poison,TRUE,515,60,70,65,125,105,90,4,FALSE
454,408,Cranidos,Cranidos,Rock,nan,FALSE,350,67,125,40,30,30,58,4,FALSE
455,409,Rampardos,Rampardos,Rock,nan,FALSE,495,97,165,60,65,50,58,4,FALSE
456,410,Shieldon,Shieldon,Rock,Steel,TRUE,350,30,42,118,42,88,30,4,FALSE
457,411,Bastiodon,Bastiodon,Rock,Steel,TRUE,495,60,52,168,47,138,30,4,FALSE
458,412,Burmy,Burmy,Bug,nan,FALSE,224,40,29,45,29,45,36,4,FALSE
459,413,WormadamPlant Cloak,WormadamPlant Cloak,Bug,Grass,TRUE,424,60,59,85,79,105,36,4,FALSE
460,413,WormadamSandy Cloak,WormadamSandy Cloak,Bug,Ground,TRUE,424,60,79,105,59,85,36,4,FALSE
461,413,WormadamTrash Cloak,WormadamTrash Cloak,Bug,Steel,TRUE,424,60,69,95,69,95,36,4,FALSE
462,414,Mothim,Mothim,Bug,Flying,TRUE,424,70,94,50,94,50,66,4,FALSE
463,415,Combee,Combee,Bug,Flying,TRUE,244,30,30,42,30,42,70,4,FALSE
464,416,Vespiquen,Vespiquen,Bug,Flying,TRUE,474,70,80,102,80,102,40,4,FALSE
465,417,Pachirisu,Pachirisu,Electric,nan,FALSE,405,60,45,70,45,90,95,4,FALSE
466,418,Buizel,Buizel,Water,nan,FALSE,330,55,65,35,60,30,85,4,FALSE
467,419,Floatzel,Floatzel,Water,nan,FALSE,495,85,105,55,85,50,115,4,FALSE
468,420,Cherubi,Cherubi,Grass,nan,FALSE,275,45,35,45,62,53,35,4,FALSE
469,421,Cherrim,Cherrim,Grass,nan,FALSE,450,70,60,70,87,78,85,4,FALSE
470,422,Shellos,Shellos,Water,nan,FALSE,325,76,48,48,57,62,34,4,FALSE
471,423,Gastrodon,Gastrodon,Water,Ground,TRUE,475,111,83,68,92,82,39,4,FALSE
472,424,Ambipom,Ambipom,Normal,nan,FALSE,482,75,100,66,60,66,115,4,FALSE
473,425,Drifloon,Drifloon,Ghost,Flying,TRUE,348,90,50,34,60,44,70,4,FALSE
474,426,Drifblim,Drifblim,Ghost,Flying,TRUE,498,150,80,44,90,54,80,4,FALSE
475,427,Buneary,Buneary,Normal,nan,FALSE,350,55,66,44,44,56,85,4,FALSE
476,428,Lopunny,Lopunny,Normal,nan,FALSE,480,65,76,84,54,96,105,4,FALSE
477,428,LopunnyMega Lopunny,LopunnyLopunny,Normal,Fighting,TRUE,580,65,136,94,54,96,135,4,FALSE
478,429,Mismagius,Mismagius,Ghost,nan,FALSE,495,60,60,60,105,105,105,4,FALSE
479,430,Honchkrow,Honchkrow,Dark,Flying,TRUE,505,100,125,52,105,52,71,4,FALSE
480,431,Glameow,Glameow,Normal,nan,FALSE,310,49,55,42,42,37,85,4,FALSE
481,432,Purugly,Purugly,Normal,nan,FALSE,452,71,82,64,64,59,112,4,FALSE
482,433,Chingling,Chingling,Psychic,nan,FALSE,285,45,30,50,65,50,45,4,FALSE
483,434,Stunky,Stunky,Poison,Dark,TRUE,329,63,63,47,41,41,74,4,FALSE
484,435,Skuntank,Skuntank,Poison,Dark,TRUE,479,103,93,67,71,61,84,4,FALSE
485,436,Bronzor,Bronzor,Steel,Psychic,TRUE,300,57,24,86,24,86,23,4,FALSE
486,437,Bronzong,Bronzong,Steel,Psychic,TRUE,500,67,89,116,79,116,33,4,FALSE
487,438,Bonsly,Bonsly,Rock,nan,FALSE,290,50,80,95,10,45,10,4,FALSE
488,439,Mime Jr.,Mime Jr.,Psychic,Fairy,TRUE,310,20,25,45,70,90,60,4,FALSE
489,440,Happiny,Happiny,Normal,nan,FALSE,220,100,5,5,15,65,30,4,FALSE
490,441,Chatot,Chatot,Normal,Flying,TRUE,411,76,65,45,92,42,91,4,FALSE
491,442,Spiritomb,Spiritomb,Ghost,Dark,TRUE,485,50,92,108,92,108,35,4,FALSE
492,443,Gible,Gible,Dragon,Ground,TRUE,300,58,70,45,40,45,42,4,FALSE
493,444,Gabite,Gabite,Dragon,Ground,TRUE,410,68,90,65,50,55,82,4,FALSE
494,445,Garchomp,Garchomp,Dragon,Ground,TRUE,600,108,130,95,80,85,102,4,FALSE
495,445,GarchompMega Garchomp,GarchompGarchomp,Dragon,Ground,TRUE,700,108,170,115,120,95,92,4,FALSE
496,446,Munchlax,Munchlax,Normal,nan,FALSE,390,135,85,40,40,85,5,4,FALSE
497,447,Riolu,Riolu,Fighting,nan,FALSE,285,40,70,40,35,40,60,4,FALSE
498,448,Lucario,Lucario,Fighting,Steel,TRUE,525,70,110,70,115,70,90,4,FALSE
499,448,LucarioMega Lucario,LucarioLucario,Fighting,Steel,TRUE,625,70,145,88,140,70,112,4,FALSE
500,449,Hippopotas,Hippopotas,Ground,nan,FALSE,330,68,72,78,38,42,32,4,FALSE
501,450,Hippowdon,Hippowdon,Ground,nan,FALSE,525,108,112,118,68,72,47,4,FALSE
502,451,Skorupi,Skorupi,Poison,Bug,TRUE,330,40,50,90,30,55,65,4,FALSE
503,452,Drapion,Drapion,Poison,Dark,TRUE,500,70,90,110,60,75,95,4,FALSE
504,453,Croagunk,Croagunk,Poison,Fighting,TRUE,300,48,61,40,61,40,50,4,FALSE
505,454,Toxicroak,Toxicroak,Poison,Fighting,TRUE,490,83,106,65,86,65,85,4,FALSE
506,455,Carnivine,Carnivine,Grass,nan,FALSE,454,74,100,72,90,72,46,4,FALSE
507,456,Finneon,Finneon,Water,nan,FALSE,330,49,49,56,49,61,66,4,FALSE
508,457,Lumineon,Lumineon,Water,nan,FALSE,460,69,69,76,69,86,91,4,FALSE
509,458,Mantyke,Mantyke,Water,Flying,TRUE,345,45,20,50,60,120,50,4,FALSE
510,459,Snover,Snover,Grass,Ice,TRUE,334,60,62,50,62,60,40,4,FALSE
511,460,Abomasnow,Abomasnow,Grass,Ice,TRUE,494,90,92,75,92,85,60,4,FALSE
512,460,AbomasnowMega Abomasnow,AbomasnowAbomasnow,Grass,Ice,TRUE,594,90,132,105,132,105,30,4,FALSE
513,461,Weavile,Weavile,Dark,Ice,TRUE,510,70,120,65,45,85,125,4,FALSE
514,462,Magnezone,Magnezone,Electric,Steel,TRUE,535,70,70,115,130,90,60,4,FALSE
515,463,Lickilicky,Lickilicky,Normal,nan,FALSE,515,110,85,95,80,95,50,4,FALSE
516,464,Rhyperior,Rhyperior,Ground,Rock,TRUE,535,115,140,130,55,55,40,4,FALSE
517,465,Tangrowth,Tangrowth,Grass,nan,FALSE,535,100,100,125,110,50,50,4,FALSE
518,466,Electivire,Electivire,Electric,nan,FALSE,540,75,123,67,95,85,95,4,FALSE
519,467,Magmortar,Magmortar,Fire,nan,FALSE,540,75,95,67,125,95,83,4,FALSE
520,468,Togekiss,Togekiss,Fairy,Flying,TRUE,545,85,50,95,120,115,80,4,FALSE
521,469,Yanmega,Yanmega,Bug,Flying,TRUE,515,86,76,86,116,56,95,4,FALSE
522,470,Leafeon,Leafeon,Grass,nan,FALSE,525,65,110,130,60,65,95,4,FALSE
523,471,Glaceon,Glaceon,Ice,nan,FALSE,525,65,60,110,130,95,65,4,FALSE
524,472,Gliscor,Gliscor,Ground,Flying,TRUE,510,75,95,125,45,75,95,4,FALSE
525,473,Mamoswine,Mamoswine,Ice,Ground,TRUE,530,110,130,80,70,60,80,4,FALSE
526,474,Porygon-Z,Porygon-Z,Normal,nan,FALSE,535,85,80,70,135,75,90,4,FALSE
527,475,Gallade,Gallade,Psychic,Fighting,TRUE,518,68,125,65,65,115,80,4,FALSE
528,475,GalladeMega Gallade,GalladeGallade,Psychic,Fighting,TRUE,618,68,165,95,65,115,110,4,FALSE
529,476,Probopass,Probopass,Rock,Steel,TRUE,525,60,55,145,75,150,40,4,FALSE
530,477,Dusknoir,Dusknoir,Ghost,nan,FALSE,525,45,100,135,65,135,45,4,FALSE
531,478,Froslass,Froslass,Ice,Ghost,TRUE,480,70,80,70,80,70,110,4,FALSE
532,479,Rotom,Rotom,Electric,Ghost,TRUE,440,50,50,77,95,77,91,4,FALSE
533,479,RotomHeat Rotom,RotomHeat Rotom,Electric,Fire,TRUE,520,50,65,107,105,107,86,4,FALSE
534,479,RotomWash Rotom,RotomWash Rotom,Electric,Water,TRUE,520,50,65,107,105,107,86,4,FALSE
535,479,RotomFrost Rotom,RotomFrost Rotom,Electric,Ice,TRUE,520,50,65,107,105,107,86,4,FALSE
536,479,RotomFan Rotom,RotomFan Rotom,Electric,Flying,TRUE,520,50,65,107,105,107,86,4,FALSE
537,479,RotomMow Rotom,RotomMow Rotom,Electric,Grass,TRUE,520,50,65,107,105,107,86,4,FALSE
538,480,Uxie,Uxie,Psychic,nan,FALSE,580,75,75,130,75,130,95,4,TRUE
539,481,Mesprit,Mesprit,Psychic,nan,FALSE,580,80,105,105,105,105,80,4,TRUE
540,482,Azelf,Azelf,Psychic,nan,FALSE,580,75,125,70,125,70,115,4,TRUE
541,483,Dialga,Dialga,Steel,Dragon,TRUE,680,100,120,120,150,100,90,4,TRUE
542,484,Palkia,Palkia,Water,Dragon,TRUE,680,90,120,100,150,120,100,4,TRUE
543,485,Heatran,Heatran,Fire,Steel,TRUE,600,91,90,106,130,106,77,4,TRUE
544,486,Regigigas,Regigigas,Normal,nan,FALSE,670,110,160,110,80,110,100,4,TRUE
545,487,GiratinaAltered Forme,GiratinaAltered Forme,Ghost,Dragon,TRUE,680,150,100,120,100,120,90,4,TRUE
546,487,GiratinaOrigin Forme,GiratinaOrigin Forme,Ghost,Dragon,TRUE,680,150,120,100,120,100,90,4,TRUE
547,488,Cresselia,Cresselia,Psychic,nan,FALSE,600,120,70,120,75,130,85,4,FALSE
548,489,Phione,Phione,Water,nan,FALSE,480,80,80,80,80,80,80,4,FALSE
549,490,Manaphy,Manaphy,Water,nan,FALSE,600,100,100,100,100,100,100,4,FALSE
550,491,Darkrai,Darkrai,Dark,nan,FALSE,600,70,90,90,135,90,125,4,TRUE
551,492,ShayminLand Forme,ShayminLand Forme,Grass,nan,FALSE,600,100,100,100,100,100,100,4,TRUE
552,492,ShayminSky Forme,ShayminSky Forme,Grass,Flying,TRUE,600,100,103,75,120,75,127,4,TRUE
553,493,Arceus,Arceus,Normal,nan,FALSE,720,120,120,120,120,120,120,4,TRUE
554,494,Victini,Victini,Psychic,Fire,TRUE,600,100,100,100,100,100,100,5,TRUE
555,495,Snivy,Snivy,Grass,nan,FALSE,308,45,45,55,45,55,63,5,FALSE
556,496,Servine,Servine,Grass,nan,FALSE,413,60,60,75,60,75,83,5,FALSE
557,497,Serperior,Serperior,Grass,nan,FALSE,528,75,75,95,75,95,113,5,FALSE
558,498,Tepig,Tepig,Fire,nan,FALSE,308,65,63,45,45,45,45,5,FALSE
559,499,Pignite,Pignite,Fire,Fighting,TRUE,418,90,93,55,70,55,55,5,FALSE
560,500,Emboar,Emboar,Fire,Fighting,TRUE,528,110,123,65,100,65,65,5,FALSE
561,501,Oshawott,Oshawott,Water,nan,FALSE,308,55,55,45,63,45,45,5,FALSE
562,502,Dewott,Dewott,Water,nan,FALSE,413,75,75,60,83,60,60,5,FALSE
563,503,Samurott,Samurott,Water,nan,FALSE,528,95,100,85,108,70,70,5,FALSE
564,504,Patrat,Patrat,Normal,nan,FALSE,255,45,55,39,35,39,42,5,FALSE
565,505,Watchog,Watchog,Normal,nan,FALSE,420,60,85,69,60,69,77,5,FALSE
566,506,Lillipup,Lillipup,Normal,nan,FALSE,275,45,60,45,25,45,55,5,FALSE
567,507,Herdier,Herdier,Normal,nan,FALSE,370,65,80,65,35,65,60,5,FALSE
568,508,Stoutland,Stoutland,Normal,nan,FALSE,500,85,110,90,45,90,80,5,FALSE
569,509,Purrloin,Purrloin,Dark,nan,FALSE,281,41,50,37,50,37,66,5,FALSE
570,510,Liepard,Liepard,Dark,nan,FALSE,446,64,88,50,88,50,106,5,FALSE
571,511,Pansage,Pansage,Grass,nan,FALSE,316,50,53,48,53,48,64,5,FALSE
572,512,Simisage,Simisage,Grass,nan,FALSE,498,75,98,63,98,63,101,5,FALSE
573,513,Pansear,Pansear,Fire,nan,FALSE,316,50,53,48,53,48,64,5,FALSE
574,514,Simisear,Simisear,Fire,nan,FALSE,498,75,98,63,98,63,101,5,FALSE
575,515,Panpour,Panpour,Water,nan,FALSE,316,50,53,48,53,48,64,5,FALSE
576,516,Simipour,Simipour,Water,nan,FALSE,498,75,98,63,98,63,101,5,FALSE
577,517,Munna,Munna,Psychic,nan,FALSE,292,76,25,45,67,55,24,5,FALSE
578,518,Musharna,Musharna,Psychic,nan,FALSE,487,116,55,85,107,95,29,5,FALSE
579,519,Pidove,Pidove,Normal,Flying,TRUE,264,50,55,50,36,30,43,5,FALSE
580,520,Tranquill,Tranquill,Normal,Flying,TRUE,358,62,77,62,50,42,65,5,FALSE
581,521,Unfezant,Unfezant,Normal,Flying,TRUE,488,80,115,80,65,55,93,5,FALSE
582,522,Blitzle,Blitzle,Electric,nan,FALSE,295,45,60,32,50,32,76,5,FALSE
583,523,Zebstrika,Zebstrika,Electric,nan,FALSE,497,75,100,63,80,63,116,5,FALSE
584,524,Roggenrola,Roggenrola,Rock,nan,FALSE,280,55,75,85,25,25,15,5,FALSE
585,525,Boldore,Boldore,Rock,nan,FALSE,390,70,105,105,50,40,20,5,FALSE
586,526,Gigalith,Gigalith,Rock,nan,FALSE,515,85,135,130,60,80,25,5,FALSE
587,527,Woobat,Woobat,Psychic,Flying,TRUE,313,55,45,43,55,43,72,5,FALSE
588,528,Swoobat,Swoobat,Psychic,Flying,TRUE,425,67,57,55,77,55,114,5,FALSE
589,529,Drilbur,Drilbur,Ground,nan,FALSE,328,60,85,40,30,45,68,5,FALSE
590,530,Excadrill,Excadrill,Ground,Steel,TRUE,508,110,135,60,50,65,88,5,FALSE
591,531,Audino,Audino,Normal,nan,FALSE,445,103,60,86,60,86,50,5,FALSE
592,531,AudinoMega Audino,AudinoAudino,Normal,Fairy,TRUE,545,103,60,126,80,126,50,5,FALSE
593,532,Timburr,Timburr,Fighting,nan,FALSE,305,75,80,55,25,35,35,5,FALSE
594,533,Gurdurr,Gurdurr,Fighting,nan,FALSE,405,85,105,85,40,50,40,5,FALSE
595,534,Conkeldurr,Conkeldurr,Fighting,nan,FALSE,505,105,140,95,55,65,45,5,FALSE
596,535,Tympole,Tympole,Water,nan,FALSE,294,50,50,40,50,40,64,5,FALSE
597,536,Palpitoad,Palpitoad,Water,Ground,TRUE,384,75,65,55,65,55,69,5,FALSE
598,537,Seismitoad,Seismitoad,Water,Ground,TRUE,509,105,95,75,85,75,74,5,FALSE
599,538,Throh,Throh,Fighting,nan,FALSE,465,120,100,85,30,85,45,5,FALSE
600,539,Sawk,Sawk,Fighting,nan,FALSE,465,75,125,75,30,75,85,5,FALSE
601,540,Sewaddle,Sewaddle,Bug,Grass,TRUE,310,45,53,70,40,60,42,5,FALSE
602,541,Swadloon,Swadloon,Bug,Grass,TRUE,380,55,63,90,50,80,42,5,FALSE
603,542,Leavanny,Leavanny,Bug,Grass,TRUE,500,75,103,80,70,80,92,5,FALSE
604,543,Venipede,Venipede,Bug,Poison,TRUE,260,30,45,59,30,39,57,5,FALSE
605,544,Whirlipede,Whirlipede,Bug,Poison,TRUE,360,40,55,99,40,79,47,5,FALSE
606,545,Scolipede,Scolipede,Bug,Poison,TRUE,485,60,100,89,55,69,112,5,FALSE
607,546,Cottonee,Cottonee,Grass,Fairy,TRUE,280,40,27,60,37,50,66,5,FALSE
608,547,Whimsicott,Whimsicott,Grass,Fairy,TRUE,480,60,67,85,77,75,116,5,FALSE
609,548,Petilil,Petilil,Grass,nan,FALSE,280,45,35,50,70,50,30,5,FALSE
610,549,Lilligant,Lilligant,Grass,nan,FALSE,480,70,60,75,110,75,90,5,FALSE
611,550,Basculin,Basculin,Water,nan,FALSE,460,70,92,65,80,55,98,5,FALSE
612,551,Sandile,Sandile,Ground,Dark,TRUE,292,50,72,35,35,35,65,5,FALSE
613,552,Krokorok,Krokorok,Ground,Dark,TRUE,351,60,82,45,45,45,74,5,FALSE
614,553,Krookodile,Krookodile,Ground,Dark,TRUE,519,95,117,80,65,70,92,5,FALSE
615,554,Darumaka,Darumaka,Fire,nan,FALSE,315,70,90,45,15,45,50,5,FALSE
616,555,DarmanitanStandard Mode,DarmanitanStandard Mode,Fire,nan,FALSE,480,105,140,55,30,55,95,5,FALSE
617,555,DarmanitanZen Mode,DarmanitanZen Mode,Fire,Psychic,TRUE,540,105,30,105,140,105,55,5,FALSE
618,556,Maractus,Maractus,Grass,nan,FALSE,461,75,86,67,106,67,60,5,FALSE
619,557,Dwebble,Dwebble,Bug,Rock,TRUE,325,50,65,85,35,35,55,5,FALSE
620,558,Crustle,Crustle,Bug,Rock,TRUE,475,70,95,125,65,75,45,5,FALSE
621,559,Scraggy,Scraggy,Dark,Fighting,TRUE,348,50,75,70,35,70,48,5,FALSE
622,560,Scrafty,Scrafty,Dark,Fighting,TRUE,488,65,90,115,45,115,58,5,FALSE
623,561,Sigilyph,Sigilyph,Psychic,Flying,TRUE,490,72,58,80,103,80,97,5,FALSE
624,562,Yamask,Yamask,Ghost,nan,FALSE,303,38,30,85,55,65,30,5,FALSE
625,563,Cofagrigus,Cofagrigus,Ghost,nan,FALSE,483,58,50,145,95,105,30,5,FALSE
626,564,Tirtouga,Tirtouga,Water,Rock,TRUE,355,54,78,103,53,45,22,5,FALSE
627,565,Carracosta,Carracosta,Water,Rock,TRUE,495,74,108,133,83,65,32,5,FALSE
628,566,Archen,Archen,Rock,Flying,TRUE,401,55,112,45,74,45,70,5,FALSE
629,567,Archeops,Archeops,Rock,Flying,TRUE,567,75,140,65,112,65,110,5,FALSE
630,568,Trubbish,Trubbish,Poison,nan,FALSE,329,50,50,62,40,62,65,5,FALSE
631,569,Garbodor,Garbodor,Poison,nan,FALSE,474,80,95,82,60,82,75,5,FALSE
632,570,Zorua,Zorua,Dark,nan,FALSE,330,40,65,40,80,40,65,5,FALSE
633,571,Zoroark,Zoroark,Dark,nan,FALSE,510,60,105,60,120,60,105,5,FALSE
634,572,Minccino,Minccino,Normal,nan,FALSE,300,55,50,40,40,40,75,5,FALSE
635,573,Cinccino,Cinccino,Normal,nan,FALSE,470,75,95,60,65,60,115,5,FALSE
636,574,Gothita,Gothita,Psychic,nan,FALSE,290,45,30,50,55,65,45,5,FALSE
637,575,Gothorita,Gothorita,Psychic,nan,FALSE,390,60,45,70,75,85,55,5,FALSE
638,576,Gothitelle,Gothitelle,Psychic,nan,FALSE,490,70,55,95,95,110,65,5,FALSE
639,577,Solosis,Solosis,Psychic,nan,FALSE,290,45,30,40,105,50,20,5,FALSE
640,578,Duosion,Duosion,Psychic,nan,FALSE,370,65,40,50,125,60,30,5,FALSE
641,579,Reuniclus,Reuniclus,Psychic,nan,FALSE,490,110,65,75,125,85,30,5,FALSE
642,580,Ducklett,Ducklett,Water,Flying,TRUE,305,62,44,50,44,50,55,5,FALSE
643,581,Swanna,Swanna,Water,Flying,TRUE,473,75,87,63,87,63,98,5,FALSE
644,582,Vanillite,Vanillite,Ice,nan,FALSE,305,36,50,50,65,60,44,5,FALSE
645,583,Vanillish,Vanillish,Ice,nan,FALSE,395,51,65,65,80,75,59,5,FALSE
646,584,Vanilluxe,Vanilluxe,Ice,nan,FALSE,535,71,95,85,110,95,79,5,FALSE
647,585,Deerling,Deerling,Normal,Grass,TRUE,335,60,60,50,40,50,75,5,FALSE
648,586,Sawsbuck,Sawsbuck,Normal,Grass,TRUE,475,80,100,70,60,70,95,5,FALSE
649,587,Emolga,Emolga,Electric,Flying,TRUE,428,55,75,60,75,60,103,5,FALSE
650,588,Karrablast,Karrablast,Bug,nan,FALSE,315,50,75,45,40,45,60,5,FALSE
651,589,Escavalier,Escavalier,Bug,Steel,TRUE,495,70,135,105,60,105,20,5,FALSE
652,590,Foongus,Foongus,Grass,Poison,TRUE,294,69,55,45,55,55,15,5,FALSE
653,591,Amoonguss,Amoonguss,Grass,Poison,TRUE,464,114,85,70,85,80,30,5,FALSE
654,592,Frillish,Frillish,Water,Ghost,TRUE,335,55,40,50,65,85,40,5,FALSE
655,593,Jellicent,Jellicent,Water,Ghost,TRUE,480,100,60,70,85,105,60,5,FALSE
656,594,Alomomola,Alomomola,Water,nan,FALSE,470,165,75,80,40,45,65,5,FALSE
657,595,Joltik,Joltik,Bug,Electric,TRUE,319,50,47,50,57,50,65,5,FALSE
658,596,Galvantula,Galvantula,Bug,Electric,TRUE,472,70,77,60,97,60,108,5,FALSE
659,597,Ferroseed,Ferroseed,Grass,Steel,TRUE,305,44,50,91,24,86,10,5,FALSE
660,598,Ferrothorn,Ferrothorn,Grass,Steel,TRUE,489,74,94,131,54,116,20,5,FALSE
661,599,Klink,Klink,Steel,nan,FALSE,300,40,55,70,45,60,30,5,FALSE
662,600,Klang,Klang,Steel,nan,FALSE,440,60,80,95,70,85,50,5,FALSE
663,601,Klinklang,Klinklang,Steel,nan,FALSE,520,60,100,115,70,85,90,5,FALSE
664,602,Tynamo,Tynamo,Electric,nan,FALSE,275,35,55,40,45,40,60,5,FALSE
665,603,Eelektrik,Eelektrik,Electric,nan,FALSE,405,65,85,70,75,70,40,5,FALSE
666,604,Eelektross,Eelektross,Electric,nan,FALSE,515,85,115,80,105,80,50,5,FALSE
667,605,Elgyem,Elgyem,Psychic,nan,FALSE,335,55,55,55,85,55,30,5,FALSE
668,606,Beheeyem,Beheeyem,Psychic,nan,FALSE,485,75,75,75,125,95,40,5,FALSE
669,607,Litwick,Litwick,Ghost,Fire,TRUE,275,50,30,55,65,55,20,5,FALSE
670,608,Lampent,Lampent,Ghost,Fire,TRUE,370,60,40,60,95,60,55,5,FALSE
671,609,Chandelure,Chandelure,Ghost,Fire,TRUE,520,60,55,90,145,90,80,5,FALSE
672,610,Axew,Axew,Dragon,nan,FALSE,320,46,87,60,30,40,57,5,FALSE
673,611,Fraxure,Fraxure,Dragon,nan,FALSE,410,66,117,70,40,50,67,5,FALSE
674,612,Haxorus,Haxorus,Dragon,nan,FALSE,540,76,147,90,60,70,97,5,FALSE
675,613,Cubchoo,Cubchoo,Ice,nan,FALSE,305,55,70,40,60,40,40,5,FALSE
676,614,Beartic,Beartic,Ice,nan,FALSE,485,95,110,80,70,80,50,5,FALSE
677,615,Cryogonal,Cryogonal,Ice,nan,FALSE,485,70,50,30,95,135,105,5,FALSE
678,616,Shelmet,Shelmet,Bug,nan,FALSE,305,50,40,85,40,65,25,5,FALSE
679,617,Accelgor,Accelgor,Bug,nan,FALSE,495,80,70,40,100,60,145,5,FALSE
680,618,Stunfisk,Stunfisk,Ground,Electric,TRUE,471,109,66,84,81,99,32,5,FALSE
681,619,Mienfoo,Mienfoo,Fighting,nan,FALSE,350,45,85,50,55,50,65,5,FALSE
682,620,Mienshao,Mienshao,Fighting,nan,FALSE,510,65,125,60,95,60,105,5,FALSE
683,621,Druddigon,Druddigon,Dragon,nan,FALSE,485,77,120,90,60,90,48,5,FALSE
684,622,Golett,Golett,Ground,Ghost,TRUE,303,59,74,50,35,50,35,5,FALSE
685,623,Golurk,Golurk,Ground,Ghost,TRUE,483,89,124,80,55,80,55,5,FALSE
686,624,Pawniard,Pawniard,Dark,Steel,TRUE,340,45,85,70,40,40,60,5,FALSE
687,625,Bisharp,Bisharp,Dark,Steel,TRUE,490,65,125,100,60,70,70,5,FALSE
688,626,Bouffalant,Bouffalant,Normal,nan,FALSE,490,95,110,95,40,95,55,5,FALSE
689,627,Rufflet,Rufflet,Normal,Flying,TRUE,350,70,83,50,37,50,60,5,FALSE
690,628,Braviary,Braviary,Normal,Flying,TRUE,510,100,123,75,57,75,80,5,FALSE
691,629,Vullaby,Vullaby,Dark,Flying,TRUE,370,70,55,75,45,65,60,5,FALSE
692,630,Mandibuzz,Mandibuzz,Dark,Flying,TRUE,510,110,65,105,55,95,80,5,FALSE
693,631,Heatmor,Heatmor,Fire,nan,FALSE,484,85,97,66,105,66,65,5,FALSE
694,632,Durant,Durant,Bug,Steel,TRUE,484,58,109,112,48,48,109,5,FALSE
695,633,Deino,Deino,Dark,Dragon,TRUE,300,52,65,50,45,50,38,5,FALSE
696,634,Zweilous,Zweilous,Dark,Dragon,TRUE,420,72,85,70,65,70,58,5,FALSE
697,635,Hydreigon,Hydreigon,Dark,Dragon,TRUE,600,92,105,90,125,90,98,5,FALSE
698,636,Larvesta,Larvesta,Bug,Fire,TRUE,360,55,85,55,50,55,60,5,FALSE
699,637,Volcarona,Volcarona,Bug,Fire,TRUE,550,85,60,65,135,105,100,5,FALSE
700,638,Cobalion,Cobalion,Steel,Fighting,TRUE,580,91,90,129,90,72,108,5,TRUE
701,639,Terrakion,Terrakion,Rock,Fighting,TRUE,580,91,129,90,72,90,108,5,TRUE
702,640,Virizion,Virizion,Grass,Fighting,TRUE,580,91,90,72,90,129,108,5,TRUE
703,641,TornadusIncarnate Forme,TornadusIncarnate Forme,Flying,nan,FALSE,580,79,115,70,125,80,111,5,TRUE
704,641,TornadusTherian Forme,TornadusTherian Forme,Flying,nan,FALSE,580,79,100,80,110,90,121,5,TRUE
705,642,ThundurusIncarnate Forme,ThundurusIncarnate Forme,Electric,Flying,TRUE,580,79,115,70,125,80,111,5,TRUE
706,642,ThundurusTherian Forme,ThundurusTherian Forme,Electric,Flying,TRUE,580,79,105,70,145,80,101,5,TRUE
707,643,Reshiram,Reshiram,Dragon,Fire,TRUE,680,100,120,100,150,120,90,5,TRUE
708,644,Zekrom,Zekrom,Dragon,Electric,TRUE,680,100,150,120,120,100,90,5,TRUE
709,645,LandorusIncarnate Forme,LandorusIncarnate Forme,Ground,Flying,TRUE,600,89,125,90,115,80,101,5,TRUE
710,645,LandorusTherian Forme,LandorusTherian Forme,Ground,Flying,TRUE,600,89,145,90,105,80,91,5,TRUE
711,646,Kyurem,Kyurem,Dragon,Ice,TRUE,660,125,130,90,130,90,95,5,TRUE
712,646,KyuremBlack Kyurem,KyuremBlack Kyurem,Dragon,Ice,TRUE,700,125,170,100,120,90,95,5,TRUE
713,646,KyuremWhite Kyurem,KyuremWhite Kyurem,Dragon,Ice,TRUE,700,125,120,90,170,100,95,5,TRUE
714,647,KeldeoOrdinary Forme,KeldeoOrdinary Forme,Water,Fighting,TRUE,580,91,72,90,129,90,108,5,FALSE
715,647,KeldeoResolute Forme,KeldeoResolute Forme,Water,Fighting,TRUE,580,91,72,90,129,90,108,5,FALSE
716,648,MeloettaAria Forme,MeloettaAria Forme,Normal,Psychic,TRUE,600,100,77,77,128,128,90,5,FALSE
717,648,MeloettaPirouette Forme,MeloettaPirouette Forme,Normal,Fighting,TRUE,600,100,128,90,77,77,128,5,FALSE
718,649,Genesect,Genesect,Bug,Steel,TRUE,600,71,120,95,120,95,99,5,FALSE
719,650,Chespin,Chespin,Grass,nan,FALSE,313,56,61,65,48,45,38,6,FALSE
720,651,Quilladin,Quilladin,Grass,nan,FALSE,405,61,78,95,56,58,57,6,FALSE
721,652,Chesnaught,Chesnaught,Grass,Fighting,TRUE,530,88,107,122,74,75,64,6,FALSE
722,653,Fennekin,Fennekin,Fire,nan,FALSE,307,40,45,40,62,60,60,6,FALSE
723,654,Braixen,Braixen,Fire,nan,FALSE,409,59,59,58,90,70,73,6,FALSE
724,655,Delphox,Delphox,Fire,Psychic,TRUE,534,75,69,72,114,100,104,6,FALSE
725,656,Froakie,Froakie,Water,nan,FALSE,314,41,56,40,62,44,71,6,FALSE
726,657,Frogadier,Frogadier,Water,nan,FALSE,405,54,63,52,83,56,97,6,FALSE
727,658,Greninja,Greninja,Water,Dark,TRUE,530,72,95,67,103,71,122,6,FALSE
728,659,Bunnelby,Bunnelby,Normal,nan,FALSE,237,38,36,38,32,36,57,6,FALSE
729,660,Diggersby,Diggersby,Normal,Ground,TRUE,423,85,56,77,50,77,78,6,FALSE
730,661,Fletchling,Fletchling,Normal,Flying,TRUE,278,45,50,43,40,38,62,6,FALSE
731,662,Fletchinder,Fletchinder,Fire,Flying,TRUE,382,62,73,55,56,52,84,6,FALSE
732,663,Talonflame,Talonflame,Fire,Flying,TRUE,499,78,81,71,74,69,126,6,FALSE
733,664,Scatterbug,Scatterbug,Bug,nan,FALSE,200,38,35,40,27,25,35,6,FALSE
734,665,Spewpa,Spewpa,Bug,nan,FALSE,213,45,22,60,27,30,29,6,FALSE
735,666,Vivillon,Vivillon,Bug,Flying,TRUE,411,80,52,50,90,50,89,6,FALSE
736,667,Litleo,Litleo,Fire,Normal,TRUE,369,62,50,58,73,54,72,6,FALSE
737,668,Pyroar,Pyroar,Fire,Normal,TRUE,507,86,68,72,109,66,106,6,FALSE
738,669,Flabb,Flabb,Fairy,nan,FALSE,303,44,38,39,61,79,42,6,FALSE
739,670,Floette,Floette,Fairy,nan,FALSE,371,54,45,47,75,98,52,6,FALSE
740,671,Florges,Florges,Fairy,nan,FALSE,552,78,65,68,112,154,75,6,FALSE
741,672,Skiddo,Skiddo,Grass,nan,FALSE,350,66,65,48,62,57,52,6,FALSE
742,673,Gogoat,Gogoat,Grass,nan,FALSE,531,123,100,62,97,81,68,6,FALSE
743,674,Pancham,Pancham,Fighting,nan,FALSE,348,67,82,62,46,48,43,6,FALSE
744,675,Pangoro,Pangoro,Fighting,Dark,TRUE,495,95,124,78,69,71,58,6,FALSE
745,676,Furfrou,Furfrou,Normal,nan,FALSE,472,75,80,60,65,90,102,6,FALSE
746,677,Espurr,Espurr,Psychic,nan,FALSE,355,62,48,54,63,60,68,6,FALSE
747,678,MeowsticMale,MeowsticMale,Psychic,nan,FALSE,466,74,48,76,83,81,104,6,FALSE
748,678,MeowsticFemale,MeowsticFemale,Psychic,nan,FALSE,466,74,48,76,83,81,104,6,FALSE
749,679,Honedge,Honedge,Steel,Ghost,TRUE,325,45,80,100,35,37,28,6,FALSE
750,680,Doublade,Doublade,Steel,Ghost,TRUE,448,59,110,150,45,49,35,6,FALSE
751,681,AegislashBlade Forme,AegislashBlade Forme,Steel,Ghost,TRUE,520,60,150,50,150,50,60,6,FALSE
752,681,AegislashShield Forme,AegislashShield Forme,Steel,Ghost,TRUE,520,60,50,150,50,150,60,6,FALSE
753,682,Spritzee,Spritzee,Fairy,nan,FALSE,341,78,52,60,63,65,23,6,FALSE
754,683,Aromatisse,Aromatisse,Fairy,nan,FALSE,462,101,72,72,99,89,29,6,FALSE
755,684,Swirlix,Swirlix,Fairy,nan,FALSE,341,62,48,66,59,57,49,6,FALSE
756,685,Slurpuff,Slurpuff,Fairy,nan,FALSE,480,82,80,86,85,75,72,6,FALSE
757,686,Inkay,Inkay,Dark,Psychic,TRUE,288,53,54,53,37,46,45,6,FALSE
758,687,Malamar,Malamar,Dark,Psychic,TRUE,482,86,92,88,68,75,73,6,FALSE
759,688,Binacle,Binacle,Rock,Water,TRUE,306,42,52,67,39,56,50,6,FALSE
760,689,Barbaracle,Barbaracle,Rock,Water,TRUE,500,72,105,115,54,86,68,6,FALSE
761,690,Skrelp,Skrelp,Poison,Water,TRUE,320,50,60,60,60,60,30,6,FALSE
762,691,Dragalge,Dragalge,Poison,Dragon,TRUE,494,65,75,90,97,123,44,6,FALSE
763,692,Clauncher,Clauncher,Water,nan,FALSE,330,50,53,62,58,63,44,6,FALSE
764,693,Clawitzer,Clawitzer,Water,nan,FALSE,500,71,73,88,120,89,59,6,FALSE
765,694,Helioptile,Helioptile,Electric,Normal,TRUE,289,44,38,33,61,43,70,6,FALSE
766,695,Heliolisk,Heliolisk,Electric,Normal,TRUE,481,62,55,52,109,94,109,6,FALSE
767,696,Tyrunt,Tyrunt,Rock,Dragon,TRUE,362,58,89,77,45,45,48,6,FALSE
768,697,Tyrantrum,Tyrantrum,Rock,Dragon,TRUE,521,82,121,119,69,59,71,6,FALSE
769,698,Amaura,Amaura,Rock,Ice,TRUE,362,77,59,50,67,63,46,6,FALSE
770,699,Aurorus,Aurorus,Rock,Ice,TRUE,521,123,77,72,99,92,58,6,FALSE
771,700,Sylveon,Sylveon,Fairy,nan,FALSE,525,95,65,65,110,130,60,6,FALSE
772,701,Hawlucha,Hawlucha,Fighting,Flying,TRUE,500,78,92,75,74,63,118,6,FALSE
773,702,Dedenne,Dedenne,Electric,Fairy,TRUE,431,67,58,57,81,67,101,6,FALSE
774,703,Carbink,Carbink,Rock,Fairy,TRUE,500,50,50,150,50,150,50,6,FALSE
775,704,Goomy,Goomy,Dragon,nan,FALSE,300,45,50,35,55,75,40,6,FALSE
776,705,Sliggoo,Sliggoo,Dragon,nan,FALSE,452,68,75,53,83,113,60,6,FALSE
777,706,Goodra,Goodra,Dragon,nan,FALSE,600,90,100,70,110,150,80,6,FALSE
778,707,Klefki,Klefki,Steel,Fairy,TRUE,470,57,80,91,80,87,75,6,FALSE
779,708,Phantump,Phantump,Ghost,Grass,TRUE,309,43,70,48,50,60,38,6,FALSE
780,709,Trevenant,Trevenant,Ghost,Grass,TRUE,474,85,110,76,65,82,56,6,FALSE
781,710,PumpkabooAverage Size,PumpkabooAverage Size,Ghost,Grass,TRUE,335,49,66,70,44,55,51,6,FALSE
782,710,PumpkabooSmall Size,PumpkabooSmall Size,Ghost,Grass,TRUE,335,44,66,70,44,55,56,6,FALSE
783,710,PumpkabooLarge Size,PumpkabooLarge Size,Ghost,Grass,TRUE,335,54,66,70,44,55,46,6,FALSE
784,710,PumpkabooSuper Size,PumpkabooSuper Size,Ghost,Grass,TRUE,335,59,66,70,44,55,41,6,FALSE
785,711,GourgeistAverage Size,GourgeistAverage Size,Ghost,Grass,TRUE,494,65,90,122,58,75,84,6,FALSE
786,711,GourgeistSmall Size,GourgeistSmall Size,Ghost,Grass,TRUE,494,55,85,122,58,75,99,6,FALSE
787,711,GourgeistLarge Size,GourgeistLarge Size,Ghost,Grass,TRUE,494,75,95,122,58,75,69,6,FALSE
788,711,GourgeistSuper Size,GourgeistSuper Size,Ghost,Grass,TRUE,494,85,100,122,58,75,54,6,FALSE
789,712,Bergmite,Bergmite,Ice,nan,FALSE,304,55,69,85,32,35,28,6,FALSE
790,713,Avalugg,Avalugg,Ice,nan,FALSE,514,95,117,184,44,46,28,6,FALSE
791,714,Noibat,Noibat,Flying,Dragon,TRUE,245,40,30,35,45,40,55,6,FALSE
792,715,Noivern,Noivern,Flying,Dragon,TRUE,535,85,70,80,97,80,123,6,FALSE
793,716,Xerneas,Xerneas,Fairy,nan,FALSE,680,126,131,95,131,98,99,6,TRUE
794,717,Yveltal,Yveltal,Dark,Flying,TRUE,680,126,131,95,131,98,99,6,TRUE
795,718,Zygarde50% Forme,Zygarde50% Forme,Dragon,Ground,TRUE,600,108,100,121,81,95,95,6,TRUE
796,719,Diancie,Diancie,Rock,Fairy,TRUE,600,50,100,150,100,150,50,6,TRUE
797,719,DiancieMega Diancie,DiancieDiancie,Rock,Fairy,TRUE,700,50,160,110,160,110,110,6,TRUE
798,720,HoopaHoopa Confined,HoopaHoopa Confined,Psychic,Ghost,TRUE,600,80,110,60,150,130,70,6,TRUE
799,720,HoopaHoopa Unbound,HoopaHoopa Unbound,Psychic,Dark,TRUE,680,80,160,60,170,130,80,6,TRUE
800,721,Volcanion,Volcanion,Fire,Water,TRUE,600,80,110,120,130,90,70,6,TRUE
